username,password,host,domain,tz,,
admin1,Aspen100,APEM-C-D4,APEM-C-D4,America/FLos_Angeles,,America/FLos_Angeles
admin2,Aspen100,APEM-C-D4,APEM-C-D4,America/FLos_Angeles,,America/FLos_Angeles
admin3,Aspen100,APEM-C-D4,APEM-C-D4,America/FLos_Angeles,,America/FLos_Angeles
admin4,Aspen100,APEM-C-D4,APEM-C-D4,America/FLos_Angeles,,America/FLos_Angeles
admin5,Aspen100,APEM-C-D4,APEM-C-D4,America/FLos_Angeles,,
admin6,Aspen100,APEM-C-D4,APEM-C-D4,America/FLos_Angeles,,
admin7,Aspen100,APEM-C-D4,APEM-C-D4,America/FLos_Angeles,,
admin8,Aspen100,APEM-C-D4,APEM-C-D4,America/FLos_Angeles,,
admin9,Aspen100,APEM-C-D4,APEM-C-D4,America/FLos_Angeles,,
admin10,Aspen100,APEM-C-D4,APEM-C-D4,America/FLos_Angeles,,
admin11,Aspen100,APEM-C-D4,APEM-C-D4,America/FLos_Angeles,,
admin12,Aspen100,APEM-C-D4,APEM-C-D4,America/FLos_Angeles,,
admin13,Aspen100,APEM-C-D4,APEM-C-D4,America/FLos_Angeles,,
admin14,Aspen100,APEM-C-D4,APEM-C-D4,America/FLos_Angeles,,
admin15,Aspen100,APEM-C-D4,APEM-C-D4,America/FLos_Angeles,,
admin16,Aspen100,APEM-C-D4,APEM-C-D4,America/FLos_Angeles,,
admin17,Aspen100,APEM-C-D4,APEM-C-D4,America/FLos_Angeles,,
admin18,Aspen100,APEM-C-D4,APEM-C-D4,America/FLos_Angeles,,
admin19,Aspen100,APEM-C-D4,APEM-C-D4,America/FLos_Angeles,,
admin20,Aspen100,APEM-C-D4,APEM-C-D4,America/FLos_Angeles,,
admin21,Aspen100,APEM-C-D4,APEM-C-D4,America/FLos_Angeles,,
admin22,Aspen100,APEM-C-D4,APEM-C-D4,America/FLos_Angeles,,
admin23,Aspen100,APEM-C-D4,APEM-C-D4,America/FLos_Angeles,,
admin24,Aspen100,APEM-C-D4,APEM-C-D4,America/FLos_Angeles,,
admin25,Aspen100,APEM-C-D4,APEM-C-D4,America/FLos_Angeles,,
admin26,Aspen100,APEM-C-D4,APEM-C-D4,America/FLos_Angeles,,
admin27,Aspen100,APEM-C-D4,APEM-C-D4,America/FLos_Angeles,,
admin28,Aspen100,APEM-C-D4,APEM-C-D4,America/FLos_Angeles,,
admin29,Aspen100,APEM-C-D4,APEM-C-D4,America/FLos_Angeles,,
admin30,Aspen100,APEM-C-D4,APEM-C-D4,America/FLos_Angeles,,
admin31,Aspen100,APEM-C-D4,APEM-C-D4,America/FLos_Angeles,,
admin32,Aspen100,APEM-C-D4,APEM-C-D4,America/FLos_Angeles,,
admin33,Aspen100,APEM-C-D4,APEM-C-D4,America/FLos_Angeles,,
admin34,Aspen100,APEM-C-D4,APEM-C-D4,America/FLos_Angeles,,
admin35,Aspen100,APEM-C-D4,APEM-C-D4,America/FLos_Angeles,,
admin36,Aspen100,APEM-C-D4,APEM-C-D4,America/FLos_Angeles,,
admin37,Aspen100,APEM-C-D4,APEM-C-D4,America/FLos_Angeles,,
admin38,Aspen100,APEM-C-D4,APEM-C-D4,America/FLos_Angeles,,
admin39,Aspen100,APEM-C-D4,APEM-C-D4,America/FLos_Angeles,,
admin40,Aspen100,APEM-C-D4,APEM-C-D4,America/FLos_Angeles,,
admin41,Aspen100,APEM-C-D4,APEM-C-D4,America/FLos_Angeles,,
admin42,Aspen100,APEM-C-D4,APEM-C-D4,America/FLos_Angeles,,
admin43,Aspen100,APEM-C-D4,APEM-C-D4,America/FLos_Angeles,,
admin44,Aspen100,APEM-C-D4,APEM-C-D4,America/FLos_Angeles,,
admin45,Aspen100,APEM-C-D4,APEM-C-D4,America/FLos_Angeles,,
admin46,Aspen100,APEM-C-D4,APEM-C-D4,America/FLos_Angeles,,
admin47,Aspen100,APEM-C-D4,APEM-C-D4,America/FLos_Angeles,,
admin48,Aspen100,APEM-C-D4,APEM-C-D4,America/FLos_Angeles,,
admin49,Aspen100,APEM-C-D4,APEM-C-D4,America/FLos_Angeles,,
admin50,Aspen100,APEM-C-D4,APEM-C-D4,America/FLos_Angeles,,
admin51,Aspen100,APEM-C-D4,APEM-C-D4,America/FLos_Angeles,,
admin52,Aspen100,APEM-C-D4,APEM-C-D4,America/FLos_Angeles,,
admin53,Aspen100,APEM-C-D4,APEM-C-D4,America/FLos_Angeles,,
admin54,Aspen100,APEM-C-D4,APEM-C-D4,America/FLos_Angeles,,
admin55,Aspen100,APEM-C-D4,APEM-C-D4,America/FLos_Angeles,,
admin56,Aspen100,APEM-C-D4,APEM-C-D4,America/FLos_Angeles,,
admin57,Aspen100,APEM-C-D4,APEM-C-D4,America/FLos_Angeles,,
admin58,Aspen100,APEM-C-D4,APEM-C-D4,America/FLos_Angeles,,
admin59,Aspen100,APEM-C-D4,APEM-C-D4,America/FLos_Angeles,,
admin60,Aspen100,APEM-C-D4,APEM-C-D4,America/FLos_Angeles,,
admin61,Aspen100,APEM-C-D4,APEM-C-D4,America/FLos_Angeles,,
admin62,Aspen100,APEM-C-D4,APEM-C-D4,America/FLos_Angeles,,
admin63,Aspen100,APEM-C-D4,APEM-C-D4,America/FLos_Angeles,,
admin64,Aspen100,APEM-C-D4,APEM-C-D4,America/FLos_Angeles,,
admin65,Aspen100,APEM-C-D4,APEM-C-D4,America/FLos_Angeles,,
admin66,Aspen100,APEM-C-D4,APEM-C-D4,America/FLos_Angeles,,
admin67,Aspen100,APEM-C-D4,APEM-C-D4,America/FLos_Angeles,,
admin68,Aspen100,APEM-C-D4,APEM-C-D4,America/FLos_Angeles,,
admin69,Aspen100,APEM-C-D4,APEM-C-D4,America/FLos_Angeles,,
admin70,Aspen100,APEM-C-D4,APEM-C-D4,America/FLos_Angeles,,
admin71,Aspen100,APEM-C-D4,APEM-C-D4,America/FLos_Angeles,,
admin72,Aspen100,APEM-C-D4,APEM-C-D4,America/FLos_Angeles,,
admin73,Aspen100,APEM-C-D4,APEM-C-D4,America/FLos_Angeles,,
admin74,Aspen100,APEM-C-D4,APEM-C-D4,America/FLos_Angeles,,
admin75,Aspen100,APEM-C-D4,APEM-C-D4,America/FLos_Angeles,,
admin76,Aspen100,APEM-C-D4,APEM-C-D4,America/FLos_Angeles,,
admin77,Aspen100,APEM-C-D4,APEM-C-D4,America/FLos_Angeles,,
admin78,Aspen100,APEM-C-D4,APEM-C-D4,America/FLos_Angeles,,
admin79,Aspen100,APEM-C-D4,APEM-C-D4,America/FLos_Angeles,,
admin80,Aspen100,APEM-C-D4,APEM-C-D4,America/FLos_Angeles,,
admin81,Aspen100,APEM-C-D4,APEM-C-D4,America/FLos_Angeles,,
admin82,Aspen100,APEM-C-D4,APEM-C-D4,America/FLos_Angeles,,
admin83,Aspen100,APEM-C-D4,APEM-C-D4,America/FLos_Angeles,,
admin84,Aspen100,APEM-C-D4,APEM-C-D4,America/FLos_Angeles,,
admin85,Aspen100,APEM-C-D4,APEM-C-D4,America/FLos_Angeles,,
admin86,Aspen100,APEM-C-D4,APEM-C-D4,America/FLos_Angeles,,
admin87,Aspen100,APEM-C-D4,APEM-C-D4,America/FLos_Angeles,,
admin88,Aspen100,APEM-C-D4,APEM-C-D4,America/FLos_Angeles,,
admin89,Aspen100,APEM-C-D4,APEM-C-D4,America/FLos_Angeles,,
admin90,Aspen100,APEM-C-D4,APEM-C-D4,America/FLos_Angeles,,
admin91,Aspen100,APEM-C-D4,APEM-C-D4,America/FLos_Angeles,,
admin92,Aspen100,APEM-C-D4,APEM-C-D4,America/FLos_Angeles,,
admin93,Aspen100,APEM-C-D4,APEM-C-D4,America/FLos_Angeles,,
admin94,Aspen100,APEM-C-D4,APEM-C-D4,America/FLos_Angeles,,
admin95,Aspen100,APEM-C-D4,APEM-C-D4,America/FLos_Angeles,,
admin96,Aspen100,APEM-C-D4,APEM-C-D4,America/FLos_Angeles,,
admin97,Aspen100,APEM-C-D4,APEM-C-D4,America/FLos_Angeles,,
admin98,Aspen100,APEM-C-D4,APEM-C-D4,America/FLos_Angeles,,
admin99,Aspen100,APEM-C-D4,APEM-C-D4,America/FLos_Angeles,,
qaeone1,Aspen100,APEM-C-D4,qae,America/FLos_Angeles,,
