username1,password1,order_cod,username2,password2,host,domain
admin161,Aspen100,G11,admin1,Aspen100,APEM-C-D12,APEM-C-D12
admin162,Aspen100,G12,admin2,Aspen100,APEM-C-D12,APEM-C-D12
admin163,Aspen100,G13,admin3,Aspen100,APEM-C-D12,APEM-C-D12
admin164,Aspen100,G14,admin4,Aspen100,APEM-C-D12,APEM-C-D12
admin165,Aspen100,G15,admin5,Aspen100,APEM-C-D12,APEM-C-D12
admin166,Aspen100,G16,admin6,Aspen100,APEM-C-D12,APEM-C-D12
admin167,Aspen100,G17,admin7,Aspen100,APEM-C-D12,APEM-C-D12
admin168,Aspen100,G18,admin8,Aspen100,APEM-C-D12,APEM-C-D12
admin169,Aspen100,G19,admin9,Aspen100,APEM-C-D12,APEM-C-D12
admin170,Aspen100,G20,admin10,Aspen100,APEM-C-D12,APEM-C-D12
admin171,Aspen100,G21,admin11,Aspen100,APEM-C-D12,APEM-C-D12
admin172,Aspen100,G22,admin12,Aspen100,APEM-C-D12,APEM-C-D12
admin173,Aspen100,G23,admin13,Aspen100,APEM-C-D12,APEM-C-D12
admin174,Aspen100,G24,admin14,Aspen100,APEM-C-D12,APEM-C-D12
admin175,Aspen100,G25,admin15,Aspen100,APEM-C-D12,APEM-C-D12
admin176,Aspen100,G26,admin16,Aspen100,APEM-C-D12,APEM-C-D12
admin177,Aspen100,G27,admin17,Aspen100,APEM-C-D12,APEM-C-D12
admin178,Aspen100,G28,admin18,Aspen100,APEM-C-D12,APEM-C-D12
admin179,Aspen100,G29,admin19,Aspen100,APEM-C-D12,APEM-C-D12
admin180,Aspen100,G30,admin20,Aspen100,APEM-C-D12,APEM-C-D12
admin181,Aspen100,G31,admin21,Aspen100,APEM-C-D12,APEM-C-D12
admin182,Aspen100,G32,admin22,Aspen100,APEM-C-D12,APEM-C-D12
admin183,Aspen100,G33,admin23,Aspen100,APEM-C-D12,APEM-C-D12
admin184,Aspen100,G34,admin24,Aspen100,APEM-C-D12,APEM-C-D12
admin185,Aspen100,G35,admin25,Aspen100,APEM-C-D12,APEM-C-D12
admin186,Aspen100,G36,admin26,Aspen100,APEM-C-D12,APEM-C-D12
admin187,Aspen100,G37,admin27,Aspen100,APEM-C-D12,APEM-C-D12
admin188,Aspen100,G38,admin28,Aspen100,APEM-C-D12,APEM-C-D12
admin189,Aspen100,G39,admin29,Aspen100,APEM-C-D12,APEM-C-D12
admin190,Aspen100,G40,admin30,Aspen100,APEM-C-D12,APEM-C-D12
admin191,Aspen100,G41,admin31,Aspen100,APEM-C-D12,APEM-C-D12
admin192,Aspen100,G42,admin32,Aspen100,APEM-C-D12,APEM-C-D12
admin193,Aspen100,G43,admin33,Aspen100,APEM-C-D12,APEM-C-D12
admin194,Aspen100,G44,admin34,Aspen100,APEM-C-D12,APEM-C-D12
admin195,Aspen100,G45,admin35,Aspen100,APEM-C-D12,APEM-C-D12
admin196,Aspen100,G46,admin36,Aspen100,APEM-C-D12,APEM-C-D12
admin197,Aspen100,G47,admin37,Aspen100,APEM-C-D12,APEM-C-D12
admin198,Aspen100,G48,admin38,Aspen100,APEM-C-D12,APEM-C-D12
admin199,Aspen100,G49,admin39,Aspen100,APEM-C-D12,APEM-C-D12
admin200,Aspen100,G50,admin40,Aspen100,APEM-C-D12,APEM-C-D12
admin201,Aspen100,G51,admin41,Aspen100,APEM-C-D12,APEM-C-D12
admin202,Aspen100,G52,admin42,Aspen100,APEM-C-D12,APEM-C-D12
admin203,Aspen100,G53,admin43,Aspen100,APEM-C-D12,APEM-C-D12
admin204,Aspen100,G54,admin44,Aspen100,APEM-C-D12,APEM-C-D12
admin205,Aspen100,G55,admin45,Aspen100,APEM-C-D12,APEM-C-D12
admin206,Aspen100,G56,admin46,Aspen100,APEM-C-D12,APEM-C-D12
admin207,Aspen100,G57,admin47,Aspen100,APEM-C-D12,APEM-C-D12
admin208,Aspen100,G58,admin48,Aspen100,APEM-C-D12,APEM-C-D12
admin209,Aspen100,G59,admin49,Aspen100,APEM-C-D12,APEM-C-D12
admin210,Aspen100,G60,admin50,Aspen100,APEM-C-D12,APEM-C-D12
admin211,Aspen100,G61,admin51,Aspen100,APEM-C-D12,APEM-C-D12
admin212,Aspen100,G62,admin52,Aspen100,APEM-C-D12,APEM-C-D12
admin213,Aspen100,G63,admin53,Aspen100,APEM-C-D12,APEM-C-D12
admin214,Aspen100,G64,admin54,Aspen100,APEM-C-D12,APEM-C-D12
admin215,Aspen100,G65,admin55,Aspen100,APEM-C-D12,APEM-C-D12
admin216,Aspen100,G66,admin56,Aspen100,APEM-C-D12,APEM-C-D12
admin217,Aspen100,G67,admin57,Aspen100,APEM-C-D12,APEM-C-D12
admin218,Aspen100,G68,admin58,Aspen100,APEM-C-D12,APEM-C-D12
admin219,Aspen100,G69,admin59,Aspen100,APEM-C-D12,APEM-C-D12
admin220,Aspen100,G70,admin60,Aspen100,APEM-C-D12,APEM-C-D12
admin221,Aspen100,G71,admin61,Aspen100,APEM-C-D12,APEM-C-D12
admin222,Aspen100,G72,admin62,Aspen100,APEM-C-D12,APEM-C-D12
admin223,Aspen100,G73,admin63,Aspen100,APEM-C-D12,APEM-C-D12
admin224,Aspen100,G74,admin64,Aspen100,APEM-C-D12,APEM-C-D12
admin225,Aspen100,G75,admin65,Aspen100,APEM-C-D12,APEM-C-D12
admin226,Aspen100,G76,admin66,Aspen100,APEM-C-D12,APEM-C-D12
admin227,Aspen100,G77,admin67,Aspen100,APEM-C-D12,APEM-C-D12
admin228,Aspen100,G78,admin68,Aspen100,APEM-C-D12,APEM-C-D12
admin229,Aspen100,G79,admin69,Aspen100,APEM-C-D12,APEM-C-D12
admin230,Aspen100,G80,admin70,Aspen100,APEM-C-D12,APEM-C-D12
admin231,Aspen100,G81,admin71,Aspen100,APEM-C-D12,APEM-C-D12
admin232,Aspen100,G82,admin72,Aspen100,APEM-C-D12,APEM-C-D12
admin233,Aspen100,G83,admin73,Aspen100,APEM-C-D12,APEM-C-D12
admin234,Aspen100,G84,admin74,Aspen100,APEM-C-D12,APEM-C-D12
admin235,Aspen100,G85,admin75,Aspen100,APEM-C-D12,APEM-C-D12
admin236,Aspen100,G86,admin76,Aspen100,APEM-C-D12,APEM-C-D12
admin237,Aspen100,G87,admin77,Aspen100,APEM-C-D12,APEM-C-D12
admin238,Aspen100,G88,admin78,Aspen100,APEM-C-D12,APEM-C-D12
admin239,Aspen100,G89,admin79,Aspen100,APEM-C-D12,APEM-C-D12
admin240,Aspen100,G90,admin80,Aspen100,APEM-C-D12,APEM-C-D12
